FOR;H;
S;82.64;0.002006
;12.41;0.015343
;2.824;0.075579
S;0.7977;1
S;0.2581;1
S;0.08989;1
S;0.02363;1
P;2.292;1
P;0.838;1
P;0.292;1
P;0.0848;1
D;2.062;1
D;0.662;1
D;0.19;1
F;1.397;1
F;0.36;1
FOR;;
