FOR;H;
S;33.87;0.006068
;5.095;0.045308
;1.159;0.202822
S;0.3258;1
S;0.1027;1
P;1.407;1
P;0.388;1
D;1.057;1
FOR;He;
S;234;0.002587
;35.16;0.019533
;7.989;0.090998
;2.212;0.27205
S;0.6669;1
S;0.2089;1
P;3.044;1
P;0.758;1
D;1.965;1
FOR;;
